,ข้อมูลตัวชี้วัด กลุ่มด้านมะเร็ง,,,,,,,,
0,,,,,,,,,
1,ข้อมูล/ตัวชี้วัด ,เป้าหมาย,ปี 2561,ปี 2562,ปี 2563,ปี 2564,ปี 2565,ปี 2566,
2,,ปีปัจจุบัน,,,,,,มค-มิย66,
3,1.ผู้ป่วยกลุ่มมะเร็ง,,,,,,,,
4,เรื่อง PPS ใช้เกณฑ์ palliative care,,,,,,,,
5,อัตราผู้ป่วยระยะสุดท้ายที่ได้รับการตอบสนองความต้องการตามเกณฑ์ตายดี (PPS ≥30),1,100,100,100,100,100,,
6,,,(11/11),(37/37),(38/38),(27/27),(41/41),,
7,ภส 17B,,,100,100,100,100,100,
8,,,,(23/23),(12/12),(13/13),(23/23),(17/17),
9,ภส 23B,,100,100,100,100,100,100,
10,,,(11/11),(14/14),(8/8),(9/9),(13/13),(4/4),
11,ว่องวานิชชั้น 5,,,,,,,100,
12,,,,,,,,(37/37),
13,ว่องวานิชชั้น 6,,,,100,100,100,100,
14,,,,,(18/18), (5/5),(5/5),(4/4),
15,ว่องวานิชชั้น 7,,,,,,,100,
16,,,,,,,,(20/20),
17,             เรื่อง Extravasation ใช้เกณฑ์สมาคมให้สารน้ำฯ,,,,,,,,
18,อัตราการเกิด Extravasation จากเคมีบำบัดกลุ่ม Vesicants ระดับ Normal,1,99.3,99.73,99.85,99.84,99.89,,
19,,,(3542/3555),(10079/10106),(10327/10343),(10207/10217),(10766/10778),,
20,ภส 17B,,,100,100,100,99.65,100,
21,,,,(719/719),(682/682),(620/620),(562/564),(350/350),
22,ภส23B,,,,99.61,,99.17,100,
23,,,,,(256/257),,(120/121),(131/131),
24,ศูนย์เคมีบำบัดว่องวานิชชั้น 4,,,99.92,99.98,100,99.98,100,
25,,,,(3796/3799),(4381/4382),(3977/3977),(4469/4470),(2483/2483),
26,ภส 18 C กุมาร,,98.71,96.62,98.18,97.32,98.87,,
27,,,(691/700),(628/650),(539/549),(291/299),(525/531),,
28,ภส 20 C กุมาร,,96.15,98.31,98.28,96.36,100,,
29,,,(50/52) , (58/59),(57/58),(53/55), (27/27),,
30,ภส 28 B กุมาร,,100,100,100,100,100,,
31,,,(819/819),(1440/1440),(1152/1152),(1188/1188),(1407/1407),,
32,ภส 19 C1 กุมาร,,,100,100,100,100,,
33,,,,(824/824),(515/515),(226/226),(218/218),,
34,ภส 1C,,99.94,100,99.91,100,99.94,99.89,
35,,,(1798/1799),(2215/2215),(2280/2282),(2332/2332),(1721/1722),(911/912),
36,ศูนย์เคมีบำบัดว่องวานิชชั้น 8,,99.46,99.75,99.79,100,99.94,99.88,
37,,,(184/185),(399/400),(465/466),(1520/1520),(1717/1718),(888/889),
38,อัตราการเกิด Extravasation จากเคมีบำบัดกลุ่ม Vesicants ระดับ Mild,0,0.37,0.25,0.15,0.1,0.09,,
39,,,(13/3555),(25/10106),(16/10343),(10/10217),(10/10778),,
40,ภส 17B,,,0,0,0,0,0,
41,,,,(0/719),(0/682),(0/620),(0/564),(0/350),
42,ภส23B,,,,0.39,,0.83,0,
43,,,,,(1/257),,(1/121),(0/131),
44,ศูนย์เคมีบำบัดว่องวานิชชั้น 4,,,0.03,0.02,0,0.02,0,
45,,,,(1/3799),(1/4382),(0/3977),(1/4470),(0/2483),
46,ภส 18 C กุมาร,,1.28,3.38,1.82,2.67,1.13,,
47,,,(9/700),(22/650),(10/549),(8/299),(6/531),,
48,ภส 20 C กุมาร,,3.84,1.69,1.72,3.63,0,,
49,,,(2/52)  ,(1/59 ) ,(1/58)  ,(2/55)  ,(0/27),,
50,ภส 28 B กุมาร,,0,0,0,0,0,,
51,,,(0/819),(0/1440),(0/1152),(0/1188),(0/1407),,
52,ภส 19 C1 กุมาร,,,0,0,0,0,,
53,,,,(0/824),(0/515),(0/226),(0/218),,
54,ภส 1C,,0.06,0,0.09,0,0.06,0.11,
55,,,(1/1799),(0/2215),(2/2282),(0/2332),(1/1722),(1/912),
56,ศูนย์เคมีบำบัดว่องวานิชชั้น 8,,0.54,0.25,0.21,0,0.06,0.11,
57,,,1/185,1/400,1/466,0/1520,1/1718,(1/889),
58,อัตราการเกิด Extravasation จากเคมีบำบัดกลุ่ม Vesicants ระดับ Moderate,0,0,0.01,0,0,0.02,,
59,,,(0/3555),(1/10106),(0/10343),(0/10217),(2/10778),,
60,ภส 17B,,,0,0,0,0.35,0,
61,,,,(0/719),(0/682),(0/620),(2/564),(0/350),
62,ภส23B,,,,0,,0,0,
63,,,,,(0/257),,(0/121),(0/131),
64,ศูนย์เคมีบำบัดว่องวานิชชั้น 4,,,0.03,0,0,0,0,
65,,,,(1/3799),(0/4382),(0/3977),(0/4470),(0/2483),
66,ภส 18 C กุมาร,,0,0,0,0,0,,
67,,,(0/700),(0/650),(0/549),(0/299),(0/531),,
68,ภส 20 C กุมาร,,0,0,0,0,0,,
69,,,(0/52)  ,(0/59 ) ,(0/58)  ,(0/55)  ,(0/27),,
70,ภส 28 B กุมาร,,0,0,0,0,0,,
71,,,(0/819),(0/1440),(0/1152),(0/1188),(0/1407),,
72,ภส 19 C1 กุมาร,,,0,0,0,0,,
73,,,,(0/824),(0/515),(0/226),(0/218),,
74,ภส 1C,,0,0,0,0,0,0,
75,,,(0/1799),(0/2215),(0/2282),(0/2332),(0/1722),(0/912),
76,ศูนย์เคมีบำบัดว่องวานิชชั้น 8,,0,0,0,0,0,0,
77,,,0/185,0/400,0/466,0/1520,0/1718,(0/889),
78,อัตราการเกิด Extravasation จากเคมีบำบัดกลุ่ม Vesicants ระดับ Severe,0,0,0.01,0,0,0,,
79,,,(0/3555),(1/10106),(0/10343),(0/10217),(0/10778),,
80,ภส 17B,,,0,0,0,0,0,
81,,,,(0/719),(0/682),(0/620),(0/564),(0/350),
82,ภส23B,,,,0,,0,0,
83,,,,,(0/257),,(0/121),(0/131),
84,ศูนย์เคมีบำบัดว่องวานิชชั้น 4,,,0.03,0,0,0,0,
85,,,,(1/3799),(0/4382),(0/3977),(0/4470),(0/2483),
86,ภส 18 C กุมาร,,0,0,0,0,0,,
87,,,(0/700),(0/650),(0/549),(0/299),(0/531),,
88,ภส 20 C กุมาร,,0,0,0,0,0,,
89,,,(0/52)  ,(0/59 ) ,(0/58)  ,(0/55)  ,(0/27),,
90,ภส 28 B กุมาร,,0,0,0,0,0,,
91,,,(0/819),(0/1440),(0/1152),(0/1188),(0/1407),,
92,ภส 19 C1 กุมาร,,,0,0,0,0,,
93,,,,(0/824),(0/515),(0/226),(0/218),,
94,ภส 1 C,,0,0,0,0,0,0,
95,,,(0/1799),(0/2215),(0/2282),(0/2332),(0/1722),(0/912),
96,ศูนย์เคมีบำบัดว่องวานิชชั้น 8,,0,0,0,0,0,0,
97,,,0/185,0/400,0/466,0/1520,0/1718,(0/889),
98,             เรื่อง Hypersensitivity ในยาแต่ละตัว ใช้เกณฑ์ NCI,,,,,,,,
99,อัตราการเกิดภาวะHypersensitivity จากยา Taxol grade 1,<2%,4.48,1.94,3.51,3.27,3.42,,
100,,,(83/1851),(102/5246),(193/5502),(164/5011),(167/4877),,
101,ภส 17B,,,4.45,4.11,4.03,1.77,0,
102,,,,(32/719),(28/682),(25/620),(15/564),(0/350),
103,ภส23B,,1.41,4.44,1.56,0,1.65,4.58,
104,,,(2/142),(6/135),(4/257),(0/137),(2/121),(6/131),
105,ศูนย์เคมีบำบัดว่องวานิชชั้น 4,,,0.19,3.96,3.56,4.99,8.42,
106,,,,(5/2627),(107/2704),(82/2305),(119/2382),(107/1271),
107,ศูนย์เคมีบำบัดว่องวานิชชั้น 8,,4.74,3.34,2.9,2.92,1.71,4.31,
108,,,81/1709,59/1765,54/1859,57/1949,31/1810,(33/766),
109,อัตราการเกิดภาวะHypersensitivity จากยา Taxol  grade 2,<0.5%,0,0.06,0.31,0.24,0.84,,
110,,,(0/1851),(3/5246),(17/5502),(12/5011),(41/4877),,
111,ภส 17B,,,0.14,0,0,0.35,0.29,
112,,,,(1/719),(0/682),(0/620),(2/564),(1/350),
113,ภส23B,,0,0,0.39,0.73,0,0.76,
114,,,(0/142),(0/135),(1/257),(1/137),(0/121),(1/131),
115,ศูนย์เคมีบำบัดว่องวานิชชั้น 4,,,0.08,0.59,0.48,0.63,0.94,
116,,,,(2/2627),(16/2704),(11/2305),(15/2382),(12/1271),
117,ศูนย์เคมีบำบัดว่องวานิชชั้น 8,,0,0,0,0,1.33,0.52,
118,,,0/1709,0/1765,0/1859,0/1949,24/1810,(4/766),
119,อัตราการเกิดภาวะHypersensitivity จากยา Taxol grade 3,0,0.11,0.02,0,0.02,0.02,,
120,,,(2/1851),(1/5246),(0/5502),(1/5011),(1/4877),,
121,ภส 17B,,,0.14,0,0,0,0.29,
122,,,,(1/719),(0/682),(0/620),(0/564),(1/350),
123,ภส23B,,1.41,0,0,0,0,0,
124,,,(2/142),(0/135),(0/257),(0/137),(0/121),(0/131),
125,ศูนย์เคมีบำบัดว่องวานิชชั้น 4,,,0,0,0.04,0.04,0,
126,,,,(0/2627),(0/2704),(1/2305),(1/2382),(0/1271),
127,ศูนย์เคมีบำบัดว่องวานิชชั้น 8,,0,0,0,0,0,0.13,
128,,,0/1709,0/1765,0/1859,0/1949,0/1810,(1/766),
129,อัตราการเกิดภาวะHypersensitivity จากยา Taxol grade 4,0,0,0,0,0,0,,
130,,,(0/1851),(0/5246),(0/5502),(0/5011),(0/4877),,
131,ภส 17B,,,0,0,0,0,0,
132,,,,(0/719),(0/682),(0/620),(0/564),(0/350),
133,ภส23B,,0,0,0,0,0,0,
134,,,(0/142),(0/135),(0/257),(0/137),(0/121),(0/131),
135,ศูนย์เคมีบำบัดว่องวานิชชั้น 4,,,0,0,0,0,0,
136,,,,(0/2627),(0/2704),(0/2305),(0/2382),(0/1271),
137,ศูนย์เคมีบำบัดว่องวานิชชั้น 8,,0,0,0,0,0,0,
138,,,0/1709,0/1765,0/1859,0/1949,0/1810,(0/766),
139,อัตราการเกิดภาวะHypersensitivity จากยา Taxol grade 5,0,0,0.02,0,0,0,,
140,,,(0/1851),(1/5246),(0/5502),(0/5011),(0/4877),,
141,ภส 17B,,,0,0,0,0,0,
142,,,,(0/719),(0/682),(0/620),(0/564),(0/350),
143,ภส23B,,0,0.0074,0,0,0,0,
144,,,(0/142),(1/135),(0/257),(0/137),(0/121),(0/131),
145,ศูนย์เคมีบำบัดว่องวานิชชั้น 4,,,0,0,0,0,0,
146,,,,(0/2627),(0/2704),(0/2305),(0/2382),(0/1271),
147,ศูนย์เคมีบำบัดว่องวานิชชั้น 8,,0,0,0,0,0,0,
148,,,0/1709,0/1765,0/1859,0/1949,0/1810,(0/766),
149,อัตราการเกิดภาวะHypersensitivity จากยา Oxaliplatin grade 1 ,<2%,0,0,0.39,0.27,0.17,,
150,,,0/65,(0/1243),(5/1297),(4/1466),(3/1721),,
151,ศูนย์เคมีบำบัดว่องวานิชชั้น 4,,,0,0.32,0.28,0.17,0.11,
152,,,,(0/1195),(4/1259),(4/1441),(3/1717),(1/879),
153,ศูนย์เคมีบำบัดว่องวานิชชั้น 8,,0,0,2.63,0,0,50,
154,,,0/65,0/48,1/38,0/25,0/4,(1/2),
155,อัตราการเกิดภาวะHypersensitivity จากยา Oxaliplatin grade 2,<2%,0,0,1,1.04,0.52,,
156,,,0/65,(0/1243),(13/1297),(15/1466),(9/1721),,
157,ศูนย์เคมีบำบัดว่องวานิชชั้น 4,,,0,1.03,1.04,1.11,0.91,
158,,,,(0/1195),(13/1259),(15/1441),(9/1717),(8/879),
159,ศูนย์เคมีบำบัดว่องวานิชชั้น 8,,0,0,0,0,0,0,
160,,,0/65,0/48,0/38,0/25,0/4,(0/2),
161,อัตราการเกิดภาวะHypersensitivity จากยา Oxaliplatin grade 3,<0.5%,0,0,0,0.07,0.12,,
162,,,0/65,(0/1243),(0/1297),(1/1466),(2/1721),,
163,ศูนย์เคมีบำบัดว่องวานิชชั้น 4,,,0,0,0.07,0.12,0.11,
164,,,,(0/1195),(0/1259),(1/1441),(2/1717),(1/879),
165,ศูนย์เคมีบำบัดว่องวานิชชั้น 8,,0,0,0,0,0,0,
166,,,0/65,0/48,0/38,0/25,0/4,(0/2),
167,อัตราการเกิดภาวะHypersensitivity จากยา Oxaliplatin grade 4,0,0,0,0,0,0,,
168,,,0/65,(0/1243),(0/1297),(0/1466),(0/1721),,
169,ศูนย์เคมีบำบัดว่องวานิชชั้น 4,,,0,0,0,0,0,
170,,,,(0/1195),(0/1259),(0/1441),(0/1717),(0/879),
171,ศูนย์เคมีบำบัดว่องวานิชชั้น 8,,0,0,0,0,0,0,
172,,,0/65,0/48,0/38,0/25,0/4,(0/2),
173,อัตราการเกิดภาวะHypersensitivity จากยา Oxaliplatin grade 5 ,0,0,0,0,0,0,,
174,,,0/65,(0/1243),(0/1297),(0/1466),(0/1721),,
175,ศูนย์เคมีบำบัดว่องวานิชชั้น 4,,,0,0,0,0,0,
176,,,,(0/1195),(0/1259),(0/1441),(0/1717),(0/879),
177,ศูนย์เคมีบำบัดว่องวานิชชั้น 8,,0,0,0,0,0,0,
178,,,0/65,0/48,0/38,0/25,0/4,(0/2),
179,อัตราการเกิดภาวะHypersensitivity จากยา Carboplatin grade 1 ,<2%,1.21,0.52,0.43,0.56,0.52,,
180,,,(8/663),(19/3625),(16/3739),(21/3739),(18/3485),,
181,ภส 17B,,,1.39,1.17,2.56,2.3,3.43,
182,,,,(10/719),(8/682),(14/620),(13/564),(12/350),
183,ศูนย์เคมีบำบัดว่องวานิชชั้น 4,,,0,0.05,0.05,0,0,
184,,,,(0/2126),(1/2127),(1/2159),(0/2156),(0/1174),
185,ภส 23B,,0,0,0,0,0,0.63,
186,,,(0/153),(0/140),(0/140),(0/137),(0/121),(1/160),
187,ศูนย์เคมีบำบัดว่องวานิชชั้น 8,,1.57,1.41,0.89,0.63,0.65,0,
188,,,8/510,9/640,7/790,6/960,5/765,(0/182),
189,อัตราการเกิดภาวะHypersensitivity จากยา Carboplatin grade 2,<0.5%,0,0.06,0.24,0.45,0.17,,
190,,,(0/663),(2/3625),(9/3739),(17/3739),(6/3485),,
191,ภส 17B,,,0.14,0,0,0.35,0.86,
192,,,,(1/719),(0/682),(0/620),(2/564),(3/350),
193,ภส 23B,,0,0,0.71,0,0,0.63,
194,,,(0/153),(0/140),(1/140),(0/137),(0/121),(1/160),
195,ศูนย์เคมีบำบัดว่องวานิชชั้น 4,,,0.05,0.38,0.79,0.14,0.34,
196,,,,(1/2126),(8/2127),(17/2159),(3/2156),(4/1174),
197,ศูนย์เคมีบำบัดว่องวานิชชั้น 8,,0,0,0,0,0,2.75,
198,,,0/510,0/640,0/790,0/960,1/765,(5/182),
199,อัตราการเกิดภาวะHypersensitivity จากยา Carboplatin grade 3,0,0.75,0.06,0.03,0.11,0.03,,
200,,,(5/663),(2/3625),(1/3739),(4/3739),(1/3485),,
201,ภส 17B,,,0.14,0,0.16,0,0,
202,,,,(1/719),(0/682),(1/620),(0/564),(0/350),
203,ภส 23B,,3.27,0.71,0,0,0,0,
204,,,(5/153),(1/140),(0/140),(0/137),(0/121),(1/160),
205,ศูนย์เคมีบำบัดว่องวานิชชั้น 4,,,0,0.05,0.14,0.05,0.09,
206,,,,(0/2126),(1/2127),(3/2159),(1/2156),(1/1174),
207,ศูนย์เคมีบำบัดว่องวานิชชั้น 8,,0,0,0,0,0,0,
208,,,0/510,0/640,0/790,0/960,0/765,(0/182),
209,อัตราการเกิดภาวะHypersensitivity จากยา Carboplatin grade 4 ,0,0.15,0.03,0,0,0,,
210,,,(1/663),(1/3625),(0/3739),(0/3739),(0/3485),,
211,ภส 17B,,,0,0,0,0,0.29,
212,,,,(0/719),(0/682),(0/620),(0/564),(1/350),
213,ภส 23B,,0.65,0.71,0,0,0,0,
214,,,(1/153),(1/140),(0/140),(0/137),(0/121),(0/160),
215,ศูนย์เคมีบำบัดว่องวานิชชั้น 4,,,0,0,0,0,0,
216,,,,(0/2126), (0/2127),(0/2159),(0/2156),(0/1174),
217,ศูนย์เคมีบำบัดว่องวานิชชั้น 8,,0,0,0,0,0,0,
218,,,0/510,0/640,0/790,0/960,0/765,(0/182),
219,อัตราการเกิดภาวะHypersensitivity จากยา Carboplatin grade 5 ,0,0.15,0,0,0,0,,
220,,,(1/663),(0/3625),(0/3739),(0/3739),(0/3485),,
221,ภส 17B,,,0,0,0,0,0,
222,,,,(0/719),(0/682),(0/620),(0/564),(0/350),
223,ภส 23B,,0.65,0,0,0,0,0,
224,,,(1/153),(0/140),(0/140),(0/137),(0/121),(0/160),
225,ศูนย์เคมีบำบัดว่องวานิชชั้น 4,,,0,0,0,0,0,
226,,,,(0/2126), (0/2127),(0/2159),(0/2156),(0/1174),
227,ศูนย์เคมีบำบัดว่องวานิชชั้น 8,,0,0,0,0,0,0,
228,,,0/510,0/640,0/790,0/960,0/765,(0/182),
229,อัตราการเกิดภาวะHypersensitivity  จากยาRituximab  grade 1,<2%,,,,,,,
230,ภส 1C,,0.58,1.22,2.16,3.78,4.28,3.86,
231,,,(3/511),(8/655),(17/786),(26/687),(26/607),(16/415),
232,อัตราการเกิดภาวะHypersensitivity  จากยาRituximab  grade 2,<0.5%,,,,,,,
233,ภส 1C,,0,0.19,0.5,0.43,0.82,0.48,
234,,,(0/511),(2/655),(4/786),(3/687),(5/607),(2/415),
235,อัตราการเกิดภาวะHypersensitivity  จากยาRituximab  grade 3,0,,,,,,,
236,ภส 1C,,0,0.15,0.25,0.43,0,0.24,
237,,,(0/511),(1/655),(2/786),(3/687),(0/607),(1/415),
238,อัตราการเกิดภาวะHypersensitivity  จากยาRituximab  grade 4,0,,,,,,,
239,ภส 1C,,0,0,0,0,0,0,
240,,,(0/511),(0/655),(0/786),(0/687),(0/607),(0/415),
241,อัตราการเกิดภาวะHypersensitivity  จากยาRituximab  grade 5,0,,,,,,,
242,ภส 1C,,0,0,0,0,0,0,
243,,,(0/511),(0/655),(0/786),(0/687),(0/607),(0/415),
244,,,,,,,,,
245,อัตราการเกิดภาวะHypersensitivity  จากยาDaratumumab grade 1,<2%,,,,,,,
246,ภส 1C,,0.58,1.82,0.87,2.31,0.92,2.76,
247,,,(3/170),(4/220),(2/228),(5/215),(2/116),(4/145),
248,อัตราการเกิดภาวะHypersensitivity  จากยาDaratumumab grade 2,<0.5%,,,,,,,
249,ภส 1C,,0,0.45,1.32,0,0.86,0.69,
250,,,(0/170),(1/220),(3/228),(0/216),(1/116),(1/145),
251,อัตราการเกิดภาวะHypersensitivity  จากยาDaratumumab grade 3,0,,,,,,,
252,ภส 1C,,0,0,0,0,0.86,0,
253,,,(0/170),(0/220),(0/228),(0/216),(1/116),(0/145),
254,อัตราการเกิดภาวะHypersensitivity  จากยาDaratumumab grade 4,0,,,,,,,
255,ภส 1C,,0,0,0,0,0,0,
256,,,(0/170),(0/220),(0/228),(0/216),(0/116),(0/145),
257,อัตราการเกิดภาวะHypersensitivity  จากยาDaratumumab grade 5,0,,,,,,,
258,ภส 1C,,0,0,0,0,0,0,
259,,,(0/170),(0/220),(0/228),(0/216),(0/116),(0/145),
260,               เรื่อง Neuropathy ใช้เกณฑ์ NCI,,,,,,,,
261,อัตราการเกิด Acute peripheral neuropathyจากยา Taxol grade 1,<20%,62.67,26.7,27.05,19.15,19.42,,
262,,,(89/142),(228/854),(254/939),(145/757),(133/685),,
263,ภส 17B,,,18.08,16.42,14.35,11.52,44.57,
264,,,,(130/719),(112/682),(89/620),(65/564),(156/350),
265,ภส 23B,,62.68,72.59,55.25,40.87,56.2,36.64,
266,,,(89/142),(98/135),(142/257),(56/137),(68/121),(48/131),
267,ศูนย์เคมีบำบัดว่องวานิชชั้น 4,,,,,,,44.1,
268,,,,,,,,(396/898),
269,อัตราการเกิด Acute peripheral neuropathyจากยา Taxol grade 2,0,0,0,0,0,0,,
270,,,(0/142),(0/854),(0/939),(0/757),(0/685),,
271,ภส 17B,,,0,0,0,0,4.86,
272,,,,(0/719),(0/682),(0/620),(0/564),(17/350),
273,ภส 23B,,0,0,0,0,0,3.82,
274,,,(0/142),(0/135),(0/257),(0/137),(0/121),(5/131),
275,ศูนย์เคมีบำบัดว่องวานิชชั้น 4,,,,,,,1.22,
276,,,,,,,,(11/898),
277,อัตราการเกิด Acute peripheral neuropathyจากยา Taxol grade 3,0,0,0,0,0,0,,
278,,,(0/142),(0/854),(0/939),(0/757),(0/685),,
279,ภส 17B,,,0,0,0,0,2.29,
280,,,,(0/719),(0/682),(0/620),(0/564),(8/350),
281,ภส 23B,,0,0,0,0,0,0,
282,,,(0/142),(0/135),(0/257),(0/137),(0/121),(0/131),
283,ศูนย์เคมีบำบัดว่องวานิชชั้น 4,,,,,,,0.11,
284,,,,,,,,(1/898),
285,อัตราการเกิด Acute peripheral neuropathyจากยา Taxol grade 4,0,0,0,0,0,0,,
286,,,(0/142),(0/854),(0/939),(0/757),(0/685),,
287,ภส 17B,,,0,0,0,0,0,
288,,,,(0/719),(0/682),(0/620),(0/564),(0/350),
289,ภส 23B,,0,0,0,0,0,0,
290,,,(0/142),(0/135),(0/257),(0/137),(0/121),(0/131),
291,ศูนย์เคมีบำบัดว่องวานิชชั้น 4,,,,,,,0,
292,,,,,,,,(0/898),
293,อัตราการเกิด Acute peripheral neuropathyจากยา Oxaliplatin grade 1,<20%,,,,,,,
294,ศูนย์เคมีบำบัดว่องวานิชชั้น 4,,,,,,,57.89,
295,,,,,,,,(308/523),
296,อัตราการเกิด Acute peripheral neuropathyจากยา  Oxaliplatin grade 2,0,,,,,,,
297,ศูนย์เคมีบำบัดว่องวานิชชั้น 4,,,,,,,0.19,
298,,,,,,,,(4/523),
299,อัตราการเกิด Acute peripheral neuropathyจากยา Oxaliplatin grade 3,0,,,,,,,
300,ศูนย์เคมีบำบัดว่องวานิชชั้น 4,,,,,,,0,
301,,,,,,,,(0/523),
302,อัตราการเกิด Acute peripheral neuropathyจากยา Oxaliplatin grade 4,0,,,,,,,
303,ศูนย์เคมีบำบัดว่องวานิชชั้น 4,,,,,,,0,
304,,,,,,,,(0/523),
305,อัตราการเกิด Chronic peripheral neuropathyจากยา Taxol grade 1,<20%,14.08,31.03,33.23,35.4,32.7,,
306,,,(20/142),(265/854),(312/939),(268/757),(224/685),,
307,ภส 17B,,,34.08,42.23,41.61,39.72,44.29,
308,,,,(245/719),(288/682),(258/620),(224/564),(155/350),
309,ภส23B,,14.08,14.81,9.34,7.29,0,25.19,
310,,,(20/142),(20/135),(24/257),(10/137),(0/121),(33/131),
311,ศูนย์เคมีบำบัดว่องวานิชชั้น 4,,,,,,,0,
312,,,,,,,,(0/898),
313,อัตราการเกิด Chronic peripheral neuropathyจากยา Taxol grade 2,<20%,0,21.78,17.78,19.68,22.34,,
314,,,(0/142),(186/854),(167/939),(149/757),(153/685),,
315,ภส 17B,,,24.76,23.9,22.74,24.11,0,
316,,,,(178/719),(163/682),(141/620),(136/564),(0/350),
317,ภส23B,,0,5.92,1.55,5.84,14.05,0,
318,,,(0/142),(8/135),(4/257),(8/137),(17/121),(0/131),
319,ศูนย์เคมีบำบัดว่องวานิชชั้น 4,,,,,,,0,
320,,,,,,,,(0/898),
321,อัตราการเกิด Chronic peripheral neuropathyจากยา Taxol grade 3,<2%,0,1.99,2.13,3.96,3.36,,
322,,,(0/142),(17/854),(20/939),(30/757),(23/685),,
323,ภส 17B,,,2.23,2.93,4.84,4.08,0,
324,,,,(16/719),(20/682),(30/620),(23/564),(0/350),
325,ภส23B,,0,0.0074,0,0,0,0,
326,,,(0/142),(1/135),(0/257),(0/137),(0/121),(0/131),
327,ศูนย์เคมีบำบัดว่องวานิชชั้น 4,,,,,,,0,
328,,,,,,,,(0/898),
329,อัตราการเกิด Chronic peripheral neuropathyจากยา Taxol grade 4,0,0,0,0,0,0.29,,
330,,,(0/142),(0/854),(0/939),(0/757),(2/685),,
331,ภส 17B,,,0,0,0,0,0,
332,,,,(0/719),(0/682),(0/620),(0/564),(0/350),
333,ภส23B,,0,0,0,0,1.65,0,
334,,,(0/142),(0/135),(0/257),(0/137),(2/121),(0/131),
335,ศูนย์เคมีบำบัดว่องวานิชชั้น 4,,,,,,,0,
336,,,,,,,,(0/898),
337,อัตราการเกิด Chronic peripheral neuropathyจากยา Oxaliplatin grade 1,<20%,,,,,,,
338,ศูนย์เคมีบำบัดว่องวานิชชั้น 4,,,,,,,0,
339,,,,,,,,(0/523),
340,อัตราการเกิด Chronic peripheral neuropathyจากยา  Oxaliplatin grade 2,<20%,,,,,,,
341,ศูนย์เคมีบำบัดว่องวานิชชั้น 4,,,,,,,0,
342,,,,,,,,(0/523),
343,อัตราการเกิด Chronic peripheral neuropathyจากยา Oxaliplatin grade 3,<2%,,,,,,,
344,ศูนย์เคมีบำบัดว่องวานิชชั้น 4,,,,,,,0,
345,,,,,,,,(0/523),
346,อัตราการเกิด Chronic peripheral neuropathyจากยา Oxaliplatin grade 4,<0%,,,,,,,
347,ศูนย์เคมีบำบัดว่องวานิชชั้น 4,,,,,,,0,
348,,,,,,,,(0/523),
349,             เรื่อง Oral Mucositis ในแต่ละกลุ่ม ใช้เกณฑ์ WHO,,,,,,,,
350,อัตราการเกิด Oral mucositis grade 0 ในผู้ป่วยฉายรังสี,1,0,34.07,64.2,80.65,78.68,,
351,,,(0/724),(291/854),(355/553),(771/956),(513/652),,
352,ว่องวานิชชั้น 5,,0,0,0,25.88,77.94,35.13,
353,,,(0/16),(0/10),    (0/28),(22/85),(53/68),(13/37),
354,ว่องวานิชชั้น 6,,0,77.77,0,100,100,66.67,
355,,,(0/15),(21/27),(0/39),(8/8),(10/10),(2/3),
356,ว่องวานิชชั้น 7,,0,0,0,0,0,87.5,
357,,,(0/7),(0/9),(0/6),    ( 0/16),(0/23),(7/8),
358,,,,,,,(ม.ค.-พ.ย.),,
359,ว่องวานิชชั้น 1,,0,0,0,0,0,28.3,
360,,,      (0/686),(0/538),      (0/124),   (0/105), (0/101),(15/53),
361,ภส 28 B กุมาร,,,100,100,100,100,,
362,,,,(270/270),(180/180),(270/270),(450/450),,
363,อัตราการเกิด Oral mucositis grade 1 ในผู้ป่วยฉายรังสี,<15%,49.45,26.35,5.79,5.75,9.66,,
364,,,(358/724),(225/854),(32/553),(55/956),(63/652),,
365,ว่องวานิชชั้น 5,,0,30,71.42,48.23,13.23,35.13,
366,,,(0/16),(3/10),    (20/28),(41/85),(9/68),(13/37),
367,,,,,,,,,
368,ว่องวานิชชั้น 6,,33.33,11.1,25.64,0,0,0,
369,,,(5/15),(3/27),(10/39),(0/8),(0/10),(0/3),
370,ว่องวานิชชั้น 7,,42.85,44.44,33.33,87.5,91.3,0,
371,,,(3/7),(4/9),(2/6),(14/16),(21/23),(0/8),
372,,,,,,,(ม.ค.-พ.ย.),,
373,ว่องวานิชชั้น 1,,51.02,39.96,0,0,32.67,45.28,
374, ,,    (350/686),( 215/538),      (0/124),   (0/105),     (33/101),(24/53),
375,ภส 28 B กุมาร,,,0,0,0,0,,
376,,,,(0/270),(0/180),(0/270),(0/450),,
377,อัตราการเกิด Oral mucositis grade 2 ในผู้ป่วยฉายรังสี,<5%,50.14,39.11,28.93,13.28,11.5,,
378,,,(363/724),(334/854),(160/553),(127/956),(75/652),,
379,ว่องวานิชชั้น 5,,93.7,60,25,24.7,7.35,8.1,
380,,,(15/16),(6/10),(7/28),(21/85),(5/68),(3/37),
381,ว่องวานิชชั้น 6,,66.66,11.1,66.66,0,0,33.33,
382,,,(10/15),(3/27),(26/39),(0/8),(0/10),(0/3),
383,ว่องวานิชชั้น 7,,57.14,55.55,66.66,6.25,8.7,0,
384,,,       (4/7),(5/9),(4/6),(2/16),(2/23),(0/8),
385,,,,,,,(ม.ค.-พ.ย.),,
386,ว่องวานิชชั้น 1,,48.68,59.47,98.38,98.09,67.32,24.53,
387,,,(334/686),( 320/538),     (122/124),   (103/105),     (68/101),(13/53),
388,ภส 28 B กุมาร,,,0,0,0,0,,
389,,,,(0/270),(0/180),(0/270),(0/450),,
390,อัตราการเกิด Oral mucositis grade 3 ในผู้ป่วยฉายรังสี,0,0.41,0.47,1.08,0.31,0.15,,
391,,,(3/724),(4/854),(6/553),(3/956),(1/652),,
392,ว่องวานิชชั้น 5,,6.25,10,3.57,1.17,1.47,2.7,
393,,,(1/16),(1/10),(1/28),(1/85),(1/68),(1/37),
394,,,,,,,,,
395,ว่องวานิชชั้น 6,,0,0,7.69,0,0,0,
396,,,(0/15),(0/27),(3/39),(0/8),(0/10),(0/3),
397,ว่องวานิชชั้น 7,,0,0,0,0,0,12.5,
398,,,(0/7),(0/9),(0/6),(0/16),(0/23),(1/8),
399,,,,,,,(ม.ค.-พ.ย.),,
400,ว่องวานิชชั้น 1,,0.29,0.56,1.61,1.9,0,0,
401,,,(2/686),(3/538),     (2/124),   (2/105),     (0/101),(0/53),
402,ภส 28 B กุมาร,,,0,0,0,0,,
403,,,,(0/270),(0/180),(0/270),(0/450),,
404,อัตราการเกิด Oral mucositis grade 4 ในผู้ป่วยฉายรังสี,0,0,0,0,0,0,,
405,,,(0/724),(0/854),(0/553),(0/956),(0/652),,
406,ว่องวานิชชั้น 5,,0,0,0,0,0,0,
407,,,(0/16),(0/10),(0/28),(0/85),(0/68),(0/37),
408,ว่องวานิชชั้น 6,,0,0,0,0,0,0,
409,,,(0/15),(0/27),(0/39),(0/8),(0/10),(0/3),
410,ว่องวานิชชั้น 7,,0,0,0,0,0,0,
411,,,(0/7),(0/9),(0/6),(0/16),(0/23),(0/8),
412,,,,,,,(ม.ค.-พ.ย.),,
413,ว่องวานิชชั้น 1,,0,0,0,0,0,0,
414,,,(0/686),(0/538),    (0/124),    (0/105),     (0/101),(0/53),
415,ภส 28 B กุมาร,,,0,0,0,0,,
416,,,,(0/270),(0/180),(0/270),(0/450),,
417,ภส 28 B กุมาร,,0,0,0,0,0,,
418,,,(0/0),(0/270),(0/180),(0/270),(0/450),,
419,ภส 23B,,-,-,0,0,-,,
420,,,,,(0/176),(0/472),,,
421,,,,,,,,,
422,อัตราการเกิด Oral mucositis grade 0 ในผู้ป่วยให้เคมีบำบัด,1,89.36,92.79,96.27,91.42,88.84,,
423,,,(3008/3366),(4810/5184),(4383/4553),(2889/3160),(3525/3968),,
424,ว่องวานิชชั้น 5,,,,,77.14,78.68,84,
425,,,,,,(27/35),(48/61),(21/25),
426,ว่องวานิชชั้น 6,,,,,100,100,100,
427,,,,,,(31/31),(6/6),(2/2),
428,ภส 18 C กุมาร,,88.28,89.84,91.43,85.95,90.96,,
429,,,(618/700),(584/650),(502/549),(257/299),(483 /531),,
430,ภส 20 C กุมาร,,93.75,96.36,92.72,97.95,91.3,,
431,,,(45/48) ,(53/55),(51/55),(48/49) ,(21/23),,
432,ภส 28 B กุมาร,,66,79.17,89.76,81.48,72.99,,
433,,,(546/819),(1140/1440),(1034/1152),(968/1188),(1027/1407),,
434,ภส 19 C1 กุมาร,,,99.27,99.81,100,100,,
435,,,,(818/824),(514/515),(226/226),(218/218),,
436,ภส 1 C,,100,100,100,100,100,100,
437,,,(1799/1799),(2215/2215),(2282/2282),(2332/2332),(1722/1722),(1696/1696),
438,ภส 23B,,-,-,99.43,99.79,,,
439,,,,,(175/176),(471/472),,,
440,อัตราการเกิด Oral mucositis grade 1 ในผู้ป่วยให้เคมีบำบัด,<10%,10.58,7.04,3.47,8.35,10.71,,
441,,,(356/3366),(365/5184),(158/4553),(264/3160),(425/3968),,
442,ว่องวานิชชั้น 5,,,,,0.2,0.1803,16,
443,,,,,,(7/35),(11/61),(4/25),
444,,,,,,,,,
445,ว่องวานิชชั้น 6,,,,,0,0,0,
446,,,,,,(0/31),(0/6),(0/2),
447,ภส 18 C กุมาร,,11.57,9.84,6.73,12.04,6.21,,
448,,,(81/700),(64/650),(37/549),(36/299),(33 /531),,
449,ภส 20 C กุมาร,,4.16,1.81,5.45,2.04,4.34,,
450,,,(2/48),(1/55),(3/55),(1/49),(1/23),,
451,ภส 28 B กุมาร,,33,20.83,10.24,18.52,27.01,,
452,,,(273/819),(300/1440),(118/1152),(220/1188),(380/1407),,
453,ภส 19 C1 กุมาร,,,0,0,0,0,,
454,,,,(0/824),(0/515),(0/226),(0/218),,
455,ภส 1 C,,0,0,0,0,0,0,
456,,,(0/1799),(0/2215),(0/2282),(0/2332),(0/1722),(0/1696),
457,ภส 23B,,-,-,0,0,-,,
458,,,,,(0/176),(0/472),,,
459,อัตราการเกิด Oral mucositis grade 2 ในผู้ป่วยให้เคมีบำบัด,<0.5%,0.06,0.17,0.26,0.22,0.45,,
460,,,(2/3366),(9/5184),(12/4553),(7/3160),(18/3968),,
461,ว่องวานิชชั้น 5,,,,,2.85,3.27,0,
462,,,,,,(1/35),(2/61),(0/25),
463,,,,,,,,,
464,ว่องวานิชชั้น 6,,,,,0,0,0,
465,,,,,,(0/31),(0/6),(0/2),
466,ภส 18 C กุมาร,,0.14,3.07,1.82,2,2.82,,
467,,,(1/700),(2/650),(10/549),(6/299),(15/531),,
468,ภส 20 C กุมาร,,2.08,1.81,1.81,0,4.34,,
469,,,(1/48),(1/55),(1/55),(0/49),(1/23),,
470,ภส 28 B กุมาร,,0,0,0,0,0,,
471,,,(0/819),(0/1440),(0/1152),(0/1188),(0/1407),,
472,ภส 19 C1 กุมาร,,,0.73,0.19,0,0,,
473,,,,(6/824),(1/515),(0/226),(0/218),,
474,ภส 1 C,,0,0,0,0,0,0,
475,,,(0/1799),(0/2215),(0/2282),(0/2332),(0/1722),(0/1696),
476,ภส 23B,,-,-,0.57,0.21,-,,
477,,,,,(1/176),(1/472),,,
478,อัตราการเกิด Oral mucositis grade 3 ในผู้ป่วยให้เคมีบำบัด,0,0,0,0,0,0,,
479,,,(0/3366),(0/5184),(0/4553),(0/3160),(0/3968),,
480,ว่องวานิชชั้น 5,,,,,0,0,0,
481,,,,,,0/35,0/61,(0/25),
482,ว่องวานิชชั้น 6,,,,,0,0,0,
483,,,,,,(0/31),(0/6),(0/2),
484,ภส 28 B กุมาร,,0,0,0,0,0,,
485,,,(0/819),(0/1440),(0/1152),(0/1188),(0/1407),,
486,ภส 19 C1 กุมาร,,,0,0,0,0,,
487,,,,(0/824),(0/515),(0/226),(0/218),,
488,ภส 18 C กุมาร,,0,0,0,0,0,,
489,,,(0/700),(0/650),(0/549),(0/299),(0/531),,
490,ภส 20 C กุมาร,,0,0,0,0,0,,
491,,,(0/48),(0/55),(0/55),(0/49),(0/23),,
492,ภส 1C,,0,0,0,0,0,0,
493,,,(0/1799),(0/2215),(0/2282),(0/2332),(0/1722),(0/1696),
494,ภส 23B,,,-,0,0,-,,
495,,,,,(0/176),(0/472),,,
496,อัตราการเกิด Oral mucositis grade 4 ในผู้ป่วยให้เคมีบำบัด,0,0,0,0,0,0,,
497,,,(0/3366),(0/5184),(0/4553),(0/3160),(0/3968),,
498,ว่องวานิชชั้น 5,,,,,0,0,0,
499,,,,,,(0/35),(0/61),(0/25),
500,ว่องวานิชชั้น 6,,,,,0,0,0,
501,,,,,,(0/31),(0/6),(0/2),
502,ภส 28 B กุมาร,,0,0,0,0,0,,
503,,,(0/819),(0/1440),(0/1152),(0/1188),(0/1407),,
504,ภส 19 C1 กุมาร,,,0,0,0,0,,
505,,,,(0/824),(0/515),(0/226),(0/218),,
506,ภส 18 C กุมาร,,0,0,0,0,0,,
507,,,(0/700),(0/650),(0/549),(0/299),(0/531),,
508,ภส 20 C กุมาร,,0,0,0,0,0,,
509,,,(0/48),(0/55),(0/55),(0/49),(0/23),,
510,ภส 1C,,0,0,0,0,0,0,
511,,,(0/1799),(0/2215),(0/2282),(0/2332),(0/1722),(0/1696),
512,ภส 23B,,-,-,0,0,-,,
513,,,,,(0/176),(0/472),,,
514,อัตราการเกิด Oral mucositis grade 0 ในผู้ป่วยมะเร็งที่ฉายรังสีบริเวณศีรษะและลำคอร่วมกับยาเคมีบำบัด,1,,,,62.5,53.33,,
515,,,,,,(20/32),(16/30),,
516,ว่องวานิชชั้น 5,,,,,50,36.36,76.92,
517,,,,,,(5/10),(8/22),(20/26),
518,ว่องวานิชชั้น 6,,,,,68.18,100,100,
519,,,,,,(15/22),(8/8),(3/3),
520,ว่องวานิชชั้น 7,,,,,,,0,
521,,,,,,,,(0/9),
522,-อัตราการเกิด Oral mucositis grade 1 ในผู้ป่วยมะเร็งที่ฉายรังสีบริเวณศีรษะและลำคอร่วมกับยาเคมีบำบัด,<20%,,,,15.62,33.33,,
523,,,,,,(5/32),(10/30),,
524,ว่องวานิชชั้น 5,,,,,40,45.45,23.08,
525,,,,,,(4/10),(10/22),(6/26),
526,ว่องวานิชชั้น 6,,,,,4.55,0,0,
527,,,,,,(1/22),(0/8),(0/3),
528,ว่องวานิชชั้น 7,,,,,,,0,
529,,,,,,,,(0/9),
530,-อัตราการเกิด Oral mucositis grade 2 ในผู้ป่วยมะเร็งที่ฉายรังสีบริเวณศีรษะและลำคอร่วมกับยาเคมีบำบัด,<10%,,,,12.5,13.33,,
531,,,,,,(4/32),(4/30),,
532,ว่องวานิชชั้น 5,,,,,10,18.18,0,
533,,,,,,(1/10),(4/22),(0/26),
534,ว่องวานิชชั้น 6,,,,,13.6,0,0,
535,,,,,,(3/22),(0/8),(0/3),
536,ว่องวานิชชั้น 7,,,,,,,33.33,
537,,,,,,,,(3/9),
538,-อัตราการเกิด Oral mucositis grade 3 ในผู้ป่วยมะเร็งที่ฉายรังสีบริเวณศีรษะและลำคอร่วมกับยาเคมีบำบัด,0% ,,,,9.38,0,,
539,,,,,,(3/32),(0/30),,
540,ว่องวานิชชั้น 5,,,,,0,0,0,
541,,,,,,(0/10),(0/22),(0/26),
542,ว่องวานิชชั้น 6,,,,,13.6,0,0,
543,,,,,,(3/22),(0/8),(0/3),
544,ว่องวานิชชั้น 7,,,,,,,22.22,
545,,,,,,,,(2/9),
546,-อัตราการเกิด Oral mucositis grade 4 ในผู้ป่วยมะเร็งที่ฉายรังสีบริเวณศีรษะและลำคอร่วมกับยาเคมีบำบัด,0% ,,,,0,0,,
547,,,,,,(0/32),(0/30),,
548,ว่องวานิชชั้น 5,,,,,0,0,0,
549,,,,,,(0/10),(0/22),(0/26),
550,ว่องวานิชชั้น 6,,,,,0,0,0,
551,,,,,,(0/22),(0/8),(0/3),
552,ว่องวานิชชั้น 7,,,,,,,0,
553,,,,,,,,(0/9),
554,อัตราการเกิด Oral mucositis grade 0 ในผู้ป่วยปลูกถ่ายเซลล์ต้นกำเนิด HSCT,1,71.15,79.59,84.75,84.38,85.19,,
555,,,(37/52),(39/49),(50/59),(54/64),(46/54),,
556,ภส 20 C กุมาร,,0,0,0,0,0,,
557,,,(0/8),(0/4),(0/3),(0/6),(0/4),,
558,ภส 20 C,,84.09,86.67,89.29,93.1,92,,
559,,,(37/44), (39/45),(50/56),(54/58),(46/50),,
560,อัตราการเกิด Oral mucositis grade 1 ในผู้ป่วยปลูกถ่ายเซลล์ต้นกำเนิด HSCT,<5%,5.77,4.08,3.39,4.69,3.7,,
561,,,(3/52),(2/49),(2/59),(3/64),(2/54),,
562,ภส 20 C กุมาร,,37.5,50,66.5,50,50,,
563,,,(3/8),(2/4),(2/3),(3/6),(2/4),,
564,ภส 20 C,,0,0,0,0,0,,
565,,,(0/44), (0/45),(0/56),(0/58),(0/50),,
566,อัตราการเกิด Oral mucositis grade 2 ในผู้ป่วยปลูกถ่ายเซลล์ต้นกำเนิด HSCT,<2%,9.62,4.08,1.69,4.69,3.7,,
567,,,(5/52),(2/49),(1/59),(3/64),(2/54),,
568,ภส 20 C กุมาร,,62.5,50,33.3,50,50,,
569,,,(5/8),(2/4),(1/3),(3/6),(2/4),,
570,ภส 20 C,,0,0,0,0,0,,
571,,,(0/44), (0/45),(0/56),(0/58),(0/50),,
572,อัตราการเกิด Oral mucositis grade 3 ในผู้ป่วยปลูกถ่ายเซลล์ต้นกำเนิด HSCT,0,13.46,12.24,10.17,6.25,7.41,,
573,,,(7/52),(6/49),(6/59),(4/64),(4/54),,
574,ภส 20 C กุมาร,,0,0,0,0,0,,
575,,,(0/8),(0/4),(0/3),(0/6),(0/4),,
576,ภส 20 C,,15.9,13.33,10.71,6.9,8,,
577,,,(7/44), (6/45),(6/56),(4/58),(4/50),,
578,อัตราการเกิด Oral mucositis grade 4 ในผู้ป่วยปลูกถ่ายเซลล์ต้นกำเนิด HSCT,0,0,0,0,0,0,,
579,,,(0/52),(0/49),(0/59),(0/64),(0/54),,
580,ภส 20 C กุมาร,,0,0,0,0,0,,
581,,,(0/8),(0/4),(0/3),(0/6),(0/4),,
582,ภส 20 C,,0,0,0,0,0,,
583,,,(0/44), (0/45),(0/56),(0/58),(0/50),,
584,อัตราการเกิด Oral mucositis grade 0 ในผู้ป่วยปลูกถ่ายเซลล์ต้นกำเนิด Autologous SCT,1,100,96.55,100,100,100,,
585,,,(25/25), (28/29),(36/36),(40/40),(33/33),,
586,ภส 20C,,100,96.55,100,100,100,,
587,,,(25/25), (28/29),(36/36),(40/40),(33/33),,
588,อัตราการเกิด Oral mucositis grade 1 ในผู้ป่วยปลูกถ่ายเซลล์ต้นกำเนิด Autologous SCT,<5%,0,0,0,0,0,,
589,,,(0/25), (0/29),(0/36),(0/40),(0/33),,
590,ภส 20C,,0,0,0,0,0,,
591,,,(0/25), (0/29),(0/36),(0/40),(0/33),,
592,อัตราการเกิด Oral mucositis grade 2 ในผู้ป่วยปลูกถ่ายเซลล์ต้นกำเนิด Autologous SCT,<0.5%,0,0,0,0,0,,
593,,,(0/25), (0/29),(0/36),(0/40),(0/33),,
594,ภส 20C,,0,0,0,0,0,,
595,,,(0/25), (0/29),(0/36),(0/40),(0/33),,
596,อัตราการเกิด Oral mucositis grade 3 ในผู้ป่วยปลูกถ่ายเซลล์ต้นกำเนิด Autologous SCT,0,0,3.45,0,0,0,,
597,,,(0/25), (1/29),(0/36),(0/40),(0/33),,
598,ภส 20C,,0,3.45,0,0,0,,
599,,,(0/25), (1/29),(0/36),(0/40),(0/33),,
600,อัตราการเกิด Oral mucositis grade 4 ในผู้ป่วยปลูกถ่ายเซลล์ต้นกำเนิด Autologous SCT,0,0,0,0,0,0,,
601,,,(0/25), (0/29),(0/36),(0/40),(0/33),,
602,ภส 20C,,0,0,0,0,0,,
603,,,(0/25), (0/29),(0/36),(0/40),(0/33),,
604,อัตราการเกิด Oral mucositis grade 0 ในผู้ป่วยปลูกถ่ายเซลล์ต้นกำเนิด Allogeneic SCT,1,63.16,68.75,70,77.78,76.47,,
605,,,(12/19), (11/16),(14/20),(14/18),(13/17),,
606,ภส 20C,,63.16,68.75,70,77.78,76.47,,
607,,,(12/19), (11/16),(14/20),(14/18),(13/17),,
608,อัตราการเกิด Oral mucositis grade 1 ในผู้ป่วยปลูกถ่ายเซลล์ต้นกำเนิด Allogeneic SCT,<5%,0,0,0,0,0,,
609,,,(0/19), (0/16),(0/20),(0/18),(0/17),,
610,ภส 20C,,0,0,0,0,0,,
611,,,(0/19), (0/16),(0/20),(0/18),(0/17),,
612,อัตราการเกิด Oral mucositis grade 2 ในผู้ป่วยปลูกถ่ายเซลล์ต้นกำเนิด Allogeneic SCT,<0.5%,0,0,0,0,0,,
613,,,(0/19), (0/16),(0/20),(0/18),(0/17),,
614,ภส 20C,,0,0,0,0,0,,
615,,,(0/19), (0/16),(0/20),(0/18),(0/17),,
616,อัตราการเกิด Oral mucositis grade 3 ในผู้ป่วยปลูกถ่ายเซลล์ต้นกำเนิด Allogeneic SCT,0,36.84,31.25,30,22.22,23.53,,
617,,,(7/19), (5/16),(6/20),(4/18),(4/17),,
618,ภส 20 C,,36.84,31.25,30,22.22,23.53,,
619,,,(7/19), (5/16),(6/20),(4/18),(4/17),,
620,อัตราการเกิด Oral mucositis grade 4 ในผู้ป่วยปลูกถ่ายเซลล์ต้นกำเนิด Allogeneic SCT,0,0,0,0,0,0,,
621,,,(0/19), (0/16),(0/20),(0/18),(0/17),,
622,ภส 20 C,,0,0,0,0,0,,
623,,,(0/19), (0/16),(0/20),(0/18),(0/17),,
624,          เรื่อง Skin reaction / Radiation Dermatitis  ใช้เกณฑ์ NCI,,,,,,,,
625,อัตราการเกิด Skin reaction/ Radiation Dermatitis  grade 1 ในผู้ป่วยฉายรังสี,<20%,48.8,33.02,12.73,31.2,19.63,,
626,,,(346/709),(282/854),(48/377),(151/484),(128/652),,
627,ภส28B,,0,0,0,0,0,,
628,,,(0/0),(0/270),(0/180),(0/270),(0/450),,
629,ว่องวานิชชั้น 5,,62.5,70,60.71,77.64,82.35,56.75,
630,,,     (10/16),(7/10), (17/28), (66/85),(56/68),(21/37),
631,ว่องวานิชชั้น 6,,,77.77,43.58,75,100,25,
632,,,,(21/27),(17/39),(6/8),(10/10),(1/4),
633,ว่องวานิชชั้น 7,,0.2857,44.44,33.33,87.5,82.6,25,
634,,,(2/7),(4/9),(2/6),(14/16),(19/23),(1/4),
635,ว่องวานิชชั้น 1,,0.4868,46.46,9.67,61.9,42.57,4.35,
636,,,(334/686),  (250/538),(12/124),(65/105),(43/101),(2/46),
637,อัตราการเกิด Skin reaction / Radiation Dermatitis  grade 2 ในผู้ป่วยฉายรังสี,<10%,5.08,35.01,37.93,12.19,11.04,,
638,,,(360/709),(299/854),(143/377),(59/484),(72/652),,
639,ภส28B,,0,0,0,0,0,,
640,,,(0/0),(0/270),(0/180),(0/270),(0/450),,
641,ว่องวานิชชั้น 5,,0.3125,30,35.71,18.82,17.64,37.84,
642,,,(5/16),(3/10),(10/28),(16/85),(12/68),(14/37),
643,ว่องวานิชชั้น 6,,,22.22,51.28,12.5,0,0,
644,,,,(6/27),(20/39),(1/8),(0/10),(0/4),
645,ว่องวานิชชั้น 7,,71.42,55.55,50,12.5,8.7,0,
646,,,(5/7),(5/9),(3/6),(2/16),(2/23),(0/4),
647,,,,,,,(ม.ค.- พ.ย.),,
648,ว่องวานิชชั้น 1,,51.02,52.97,88.7,38.09,57.42,93.48,
649,,,(350/686),(285/538),(110/124),(40/105),(58/101),(43/46),
650,อัตราการเกิด Skin reaction / Radiation Dermatitis  grade 3 ในผู้ป่วยฉายรังสี,<0.5%,0.42,0.35,1.59,0.83,0.31,,
651,,,(3/709),(3/854),(6/377),(4/484),(2/652),,
652,ภส28B,,0,0,0,0,0,,
653,,,(0/0),(0/270),(0/180),(0/270),(0/450),,
654,ว่องวานิชชั้น 5,,1.47,0,3.57,3.52,0,2.7,
655,,,(1/16),(0/10),     (1/28),(3/85),(0/68),(1/37),
656,ว่องวานิชชั้น 6 ,,,0,5.13,12.5,0,0,
657,,,,(0/27),(2/39),(1/8),(0/10),(0/4),
658,ว่องวานิชชั้น 7,,0,0,16.7,0,8.7,0,
659,,,(0/7),(0/9),(1/6),(0/16),(2/23),(0/4),
660,,,,,,,(ม.ค.- พ.ย.),,
661,ว่องวานิชชั้น 1,,0.29,0.56,1.61,0,0,4.35,
662,,,(2/686),(3/538),(2/124),(0/105),(0/101),(2/46),
663,อัตราการเกิด Skin reaction / Radiation Dermatitis  grade 4 ในผู้ป่วยฉายรังสี,0,0,0,0,0,0,,
664,,,(0/709),(0/854),(0/377),(0/484),(0/652),,
665,ภส28B,,0,0,0,0,0,,
666,,,(0/0),(0/270),(0/180),(0/270),(0/450),,
667,ว่องวานิชชั้น 5,,0,0,0,0,0,0,
668,,,(0/16),(0/10),(0/28),(0/85),(0/68),(0/37),
669,ว่องวานิชชั้น 6,,,0,0,0,0,0,
670,,,,(0/27),(0/39),(0/8),(0/10),(0/4),
671,ว่องวานิชชั้น 7,,0,0,0,0,0,0,
672,,,(0/7),(0/9),(0/6),(0/16),(0/23),(0/4),
673,,,,,,,(ม.ค.- พ.ย.),,
674,ว่องวานิชชั้น 1,,0,0,0,0,0,0,
675,,,(0/686),(0/538),(0/124),(0/105),(0/101),(0/46),
676,อัตราการเกิด Skin reaction / Radiation Dermatitis  grade 5 ในผู้ป่วยฉายรังสี,0,0,0,0,0,0,,
677,,,(0/709),(0/854),(0/377),(0/484),(0/652),,
678,ภส28B,,0,0,0,0,0,,
679,,,(0/0),(0/270),(0/180),(0/270),(0/450),,
680,ว่องวานิชชั้น 5,,0,0,0,0,0,0,
681,,,(0/16),(0/10),(0/28),(0/85),(0/68),(0/37),
682,ว่องวานิชชั้น 6,,0,0,0,0,0,0,
683,,,(0/686),(0/27),(0/39),(0/8),(0/10),(0/4),
684,ว่องวานิชชั้น 7,,0,0,0,0,0,0,
685,,,(0/7),(0/9),(0/6),(0/16),(0/23),(0/4),
686,,,,,,,(ม.ค.- พ.ย.),,
687,ว่องวานิชชั้น 1,,0,0,0,0,0,0,
688,,,(0/686),(0/538),(0/124),(0/105),(0/101),(0/46),
689,,,,,,,,,
690,หมายเหตุ,,,,,,,,
691,,,,,,,,,
692,อัตราผู้ป่วยระยะสุดท้ายที่ได้รับการตอบสนองความต้องการตามเกณฑ์ตายดี (PPS ≥30),,,,,,,,
693,สูตร,,,,,,,,
694,,,,,,,,,
695,อัตราการเกิด Extravasation จากเคมีบำบัดกลุ่ม Vesicants ระดับ ..............,,,,,,,,
696,สูตร,,,,,,,,
697,,,,,,,,,
698,อัตราการเกิดภาวะHypersensitivity จากยา Taxol grade ………..,,,,,,,,
699,สูตร,,,,,,,,
700,,,,,,,,,
701,อัตราการเกิดภาวะHypersensitivity จากยา Oxaliplatin grade ………... ,,,,,,,,
702,สูตร,,,,,,,,
703,,,,,,,,,
704,อัตราการเกิดภาวะHypersensitivity จากยา Carboplatin grade ………..,,,,,,,,
705,สูตร,,,,,,,,
706,,,,,,,,,
707,อัตราการเกิดภาวะHypersensitivity  จากยาRituximab  grade ……….,,,,,,,,
708,สูตร,,,,,,,,
709,,,,,,,,,
710,อัตราการเกิดภาวะHypersensitivity  จากยาDaratumumab grade ………..,,,,,,,,
711,สูตร,,,,,,,,
712,,,,,,,,,
713,อัตราการเกิด Acute peripheral neuropathyจากยา Taxol grade ……..,,,,,,,,
714,สูตร,,,,,,,,
715,,,,,,,,,
716,อัตราการเกิด Acute peripheral neuropathyจากยา Oxaliplatin grade ………,,,,,,,,
717,สูตร,,,,,,,,
718,,,,,,,,,
719,อัตราการเกิด Chronic peripheral neuropathyจากยา Taxol grade ……..,,,,,,,,
720,สูตร,,,,,,,,
721,,,,,,,,,
722,อัตราการเกิด Chronic peripheral neuropathyจากยา Oxaliplatin grade ……….,,,,,,,,
723,สูตร,,,,,,,,
724,,,,,,,,,
725,อัตราการเกิด Oral mucositis  ในผู้ป่วยฉายรังสี grade ………,,,,,,,,
726,สูตร,,,,,,,,
727,,,,,,,,,
728,อัตราการเกิด Oral mucositis  ในผู้ป่วยให้เคมีบำบัด  grade ………,,,,,,,,
729,สูตร,,,,,,,,
730,,,,,,,,,
731,อัตราการเกิด Oral mucositis  ในผู้ป่วยมะเร็งที่ฉายรังสีบริเวณศีรษะและลำคอร่วมกับยาเคมีบำบัด grade ………,,,,,,,,
732,สูตร,,,,,,,,
733,,,,,,,,,
734,อัตราการเกิด Oral mucositis ในผู้ป่วยปลูกถ่ายเซลล์ต้นกำเนิด HSCT  grade ……….,,,,,,,,
735,สูตร,,,,,,,,
736,,,,,,,,,
737,อัตราการเกิด Oral mucositis  ในผู้ป่วยปลูกถ่ายเซลล์ต้นกำเนิด Autologous SCT  grade ………,,,,,,,,
738,สูตร,,,,,,,,
739,,,,,,,,,
740,อัตราการเกิด Oral mucositis  ในผู้ป่วยปลูกถ่ายเซลล์ต้นกำเนิด Allogeneic SCT  grade ……..,,,,,,,,
741,สูตร,,,,,,,,
742,,,,,,,,,
743,อัตราการเกิด Skin reaction / Radiation Dermatitis   ในผู้ป่วยฉายรังสี  grade ………,,,,,,,,
744,สูตร,,,,,,,,
745,,,,,,,,,
746,,,,,,,,,
747,,,,,,,,,
748,,,,,,,,,
749,,,,,,,,,
750,,,,,,,,,
751,,,,,,,,,
752,,,,,,,,,
753,,,,,,,,,
754,,,,,,,,,
755,,,,,,,,,
756,,,,,,,,,
757,,,,,,,,,
758,,,,,,,,,
759,,,,,,,,,
760,,,,,,,,,
761,,,,,,,,,
762,,,,,,,,,
763,,,,,,,,,
764,,,,,,,,,
765,,,,,,,,,
766,,,,,,,,,
767,,,,,,,,,
768,,,,,,,,,
769,,,,,,,,,
770,,,,,,,,,
771,,,,,,,,,
772,,,,,,,,,
773,,,,,,,,,
774,,,,,,,,,
775,,,,,,,,,
